商品ID,商品名称,所属类别
PRODUCT_0,戴尔XPS 13 229型,1-0-5
PRODUCT_1,小米13 Ultra 605型,2-0-9
PRODUCT_2,小米13 Ultra 224型,6-0-1
PRODUCT_3,苹果iPhone 14 Pro Max 575型,3-4-10
PRODUCT_4,戴尔XPS 13 460型,3-4-7
PRODUCT_5,vivo X90 715型,9-2-1
PRODUCT_6,OPPO Find X6 221型,6-2-5
PRODUCT_7,耐克运动鞋 100型,5-0-2
PRODUCT_8,华硕ROG游戏本 827型,5-2-10
PRODUCT_9,三星Galaxy S23 997型,0-3-9
PRODUCT_10,索尼 PlayStation 5 850型,6-0-9
PRODUCT_11,联想小新笔记本电脑 722型,9-2-10
PRODUCT_12,索尼 PlayStation 5 82型,1-0-4
PRODUCT_13,华硕ROG游戏本 465型,3-0-7
PRODUCT_14,Xbox Series X 215型,5-1-6
PRODUCT_15,vivo X90 547型,4-0-10
PRODUCT_16,耐克运动鞋 277型,3-1-8
PRODUCT_17,华为Mate 60 235型,8-1-6
PRODUCT_18,华硕ROG游戏本 68型,0-2-7
PRODUCT_19,联想小新笔记本电脑 672型,3-4-6
PRODUCT_20,OPPO Find X6 272型,7-3-8
PRODUCT_21,H&M牛仔裤 270型,2-1-9
PRODUCT_22,耐克运动鞋 371型,9-3-10
PRODUCT_23,优衣库T恤 94型,3-1-9
PRODUCT_24,vivo X90 812型,0-0-3
PRODUCT_25,耐克运动鞋 391型,6-4-2
PRODUCT_26,华硕ROG游戏本 995型,9-3-9
PRODUCT_27,H&M牛仔裤 769型,8-0-2
PRODUCT_28,索尼 PlayStation 5 446型,4-2-2
PRODUCT_29,华硕ROG游戏本 996型,2-3-1
PRODUCT_30,三星Galaxy S23 892型,8-1-9
PRODUCT_31,联想小新笔记本电脑 157型,4-4-10
PRODUCT_32,ZARA连衣裙 941型,5-1-9
PRODUCT_33,优衣库T恤 20型,0-4-6
PRODUCT_34,戴尔XPS 13 60型,1-2-5
PRODUCT_35,小米13 Ultra 750型,3-4-2
PRODUCT_36,OPPO Find X6 132型,7-0-9
PRODUCT_37,华硕ROG游戏本 541型,7-4-3
PRODUCT_38,H&M牛仔裤 774型,9-3-4
PRODUCT_39,Xbox Series X 449型,3-2-7
PRODUCT_40,戴尔XPS 13 231型,8-3-2
PRODUCT_41,H&M牛仔裤 236型,1-2-1
PRODUCT_42,小米13 Ultra 725型,9-1-1
PRODUCT_43,华为Mate 60 881型,0-1-2
PRODUCT_44,戴尔XPS 13 286型,5-0-9
PRODUCT_45,OPPO Find X6 741型,7-1-9
PRODUCT_46,戴尔XPS 13 804型,9-4-8
PRODUCT_47,三星Galaxy S23 100型,7-3-4
PRODUCT_48,阿迪达斯跑鞋 479型,6-2-7
PRODUCT_49,耐克运动鞋 746型,0-0-1
PRODUCT_50,联想小新笔记本电脑 195型,5-0-4
PRODUCT_51,阿迪达斯跑鞋 188型,8-3-3
PRODUCT_52,小米13 Ultra 454型,4-3-4
PRODUCT_53,H&M牛仔裤 857型,8-0-1
PRODUCT_54,vivo X90 417型,0-0-4
PRODUCT_55,耐克运动鞋 925型,7-3-4
PRODUCT_56,苹果iPhone 14 Pro Max 400型,0-1-7
PRODUCT_57,阿迪达斯跑鞋 714型,4-3-5
PRODUCT_58,联想小新笔记本电脑 304型,8-3-3
PRODUCT_59,H&M牛仔裤 63型,3-0-10
PRODUCT_60,优衣库T恤 515型,5-0-1
PRODUCT_61,ZARA连衣裙 83型,8-1-1
PRODUCT_62,小米13 Ultra 692型,2-0-10
PRODUCT_63,戴尔XPS 13 593型,3-3-2
PRODUCT_64,小米13 Ultra 430型,9-0-10
PRODUCT_65,任天堂Switch 958型,9-4-9
PRODUCT_66,戴尔XPS 13 272型,4-1-6
PRODUCT_67,李宁篮球鞋 324型,6-1-5
PRODUCT_68,三星Galaxy S23 76型,1-0-8
PRODUCT_69,华硕ROG游戏本 136型,8-1-9
PRODUCT_70,Xbox Series X 292型,5-0-4
PRODUCT_71,索尼 PlayStation 5 627型,2-3-9
PRODUCT_72,索尼 PlayStation 5 955型,8-0-9
PRODUCT_73,三星Galaxy S23 912型,1-1-5
PRODUCT_74,华硕ROG游戏本 289型,1-4-3
PRODUCT_75,联想小新笔记本电脑 704型,9-1-6
PRODUCT_76,华硕ROG游戏本 928型,4-4-8
PRODUCT_77,华硕ROG游戏本 46型,0-0-7
PRODUCT_78,华硕ROG游戏本 166型,0-2-3
PRODUCT_79,H&M牛仔裤 10型,7-4-7
PRODUCT_80,H&M牛仔裤 37型,1-0-3
PRODUCT_81,OPPO Find X6 441型,5-4-9
PRODUCT_82,Xbox Series X 921型,2-0-5
PRODUCT_83,戴尔XPS 13 683型,0-2-4
PRODUCT_84,阿迪达斯跑鞋 998型,1-2-9
PRODUCT_85,vivo X90 1000型,9-1-4
PRODUCT_86,vivo X90 755型,2-3-1
PRODUCT_87,华硕ROG游戏本 164型,5-3-4
PRODUCT_88,优衣库T恤 228型,1-3-1
PRODUCT_89,索尼 PlayStation 5 841型,3-3-6
PRODUCT_90,联想小新笔记本电脑 409型,3-1-1
PRODUCT_91,华硕ROG游戏本 360型,5-2-2
PRODUCT_92,任天堂Switch 962型,8-3-9
PRODUCT_93,vivo X90 595型,0-0-5
PRODUCT_94,阿迪达斯跑鞋 354型,4-0-2
PRODUCT_95,ZARA连衣裙 119型,5-3-10
PRODUCT_96,华硕ROG游戏本 46型,6-4-4
PRODUCT_97,H&M牛仔裤 704型,6-0-9
PRODUCT_98,小米13 Ultra 972型,3-2-7
PRODUCT_99,三星Galaxy S23 738型,5-4-6
PRODUCT_100,阿迪达斯跑鞋 335型,4-4-5
PRODUCT_101,OPPO Find X6 197型,6-2-9
PRODUCT_102,索尼 PlayStation 5 416型,6-3-3
PRODUCT_103,索尼 PlayStation 5 216型,8-0-5
PRODUCT_104,任天堂Switch 477型,6-4-10
PRODUCT_105,ZARA连衣裙 485型,7-3-4
PRODUCT_106,ZARA连衣裙 680型,2-0-5
PRODUCT_107,戴尔XPS 13 689型,9-2-2
PRODUCT_108,OPPO Find X6 26型,4-1-4
PRODUCT_109,小米13 Ultra 467型,0-1-8
PRODUCT_110,耐克运动鞋 507型,6-4-4
PRODUCT_111,苹果iPhone 14 Pro Max 915型,6-1-3
PRODUCT_112,vivo X90 824型,1-3-4
PRODUCT_113,H&M牛仔裤 256型,8-3-1
PRODUCT_114,李宁篮球鞋 684型,1-3-3
PRODUCT_115,任天堂Switch 973型,8-4-10
PRODUCT_116,阿迪达斯跑鞋 851型,7-4-9
PRODUCT_117,优衣库T恤 461型,8-3-3
PRODUCT_118,ZARA连衣裙 497型,4-1-5
PRODUCT_119,小米13 Ultra 731型,3-2-8
PRODUCT_120,任天堂Switch 328型,4-1-5
PRODUCT_121,OPPO Find X6 237型,8-0-3
PRODUCT_122,小米13 Ultra 425型,6-1-4
PRODUCT_123,李宁篮球鞋 426型,6-2-9
PRODUCT_124,耐克运动鞋 927型,0-1-7
PRODUCT_125,耐克运动鞋 489型,9-0-10
PRODUCT_126,耐克运动鞋 874型,0-2-5
PRODUCT_127,戴尔XPS 13 500型,6-4-9
PRODUCT_128,优衣库T恤 30型,3-2-7
PRODUCT_129,vivo X90 861型,6-2-7
PRODUCT_130,H&M牛仔裤 28型,7-1-10
PRODUCT_131,苹果iPhone 14 Pro Max 86型,6-4-10
PRODUCT_132,vivo X90 52型,6-1-8
PRODUCT_133,联想小新笔记本电脑 466型,4-3-6
PRODUCT_134,华硕ROG游戏本 771型,5-2-7
PRODUCT_135,优衣库T恤 20型,6-2-2
PRODUCT_136,戴尔XPS 13 666型,8-0-6
PRODUCT_137,戴尔XPS 13 205型,1-0-1
PRODUCT_138,戴尔XPS 13 130型,0-4-3
PRODUCT_139,联想小新笔记本电脑 477型,7-0-10
PRODUCT_140,三星Galaxy S23 797型,4-2-3
PRODUCT_141,苹果iPhone 14 Pro Max 952型,2-2-2
PRODUCT_142,耐克运动鞋 965型,4-4-7
PRODUCT_143,戴尔XPS 13 105型,3-0-10
PRODUCT_144,华为Mate 60 356型,4-4-2
PRODUCT_145,小米13 Ultra 519型,8-3-6
PRODUCT_146,优衣库T恤 109型,5-0-7
PRODUCT_147,OPPO Find X6 446型,6-2-8
PRODUCT_148,H&M牛仔裤 794型,2-4-5
PRODUCT_149,华硕ROG游戏本 331型,7-3-7
PRODUCT_150,李宁篮球鞋 250型,3-0-5
PRODUCT_151,耐克运动鞋 345型,7-4-10
PRODUCT_152,vivo X90 500型,0-3-6
PRODUCT_153,任天堂Switch 287型,3-2-5
PRODUCT_154,苹果iPhone 14 Pro Max 530型,9-2-9
PRODUCT_155,阿迪达斯跑鞋 501型,3-0-4
PRODUCT_156,优衣库T恤 459型,8-1-8
PRODUCT_157,戴尔XPS 13 415型,0-0-5
PRODUCT_158,Xbox Series X 485型,3-2-10
PRODUCT_159,阿迪达斯跑鞋 764型,8-4-6
PRODUCT_160,李宁篮球鞋 278型,8-2-6
PRODUCT_161,三星Galaxy S23 739型,4-2-4
PRODUCT_162,H&M牛仔裤 974型,3-2-2
PRODUCT_163,优衣库T恤 284型,2-1-4
PRODUCT_164,索尼 PlayStation 5 103型,9-4-10
PRODUCT_165,Xbox Series X 184型,3-2-4
PRODUCT_166,OPPO Find X6 281型,4-0-9
PRODUCT_167,索尼 PlayStation 5 715型,0-0-9
PRODUCT_168,苹果iPhone 14 Pro Max 588型,2-3-2
PRODUCT_169,李宁篮球鞋 349型,4-3-8
PRODUCT_170,优衣库T恤 117型,2-0-5
PRODUCT_171,小米13 Ultra 591型,1-3-8
PRODUCT_172,索尼 PlayStation 5 88型,0-1-3
PRODUCT_173,阿迪达斯跑鞋 621型,3-0-9
PRODUCT_174,ZARA连衣裙 390型,9-4-4
PRODUCT_175,阿迪达斯跑鞋 313型,7-3-5
PRODUCT_176,三星Galaxy S23 971型,9-4-1
PRODUCT_177,小米13 Ultra 161型,3-1-5
PRODUCT_178,小米13 Ultra 161型,3-1-9
PRODUCT_179,优衣库T恤 299型,0-3-8
PRODUCT_180,索尼 PlayStation 5 720型,0-1-5
PRODUCT_181,华硕ROG游戏本 807型,7-0-4
PRODUCT_182,三星Galaxy S23 558型,9-1-7
PRODUCT_183,OPPO Find X6 74型,3-1-5
PRODUCT_184,索尼 PlayStation 5 450型,0-1-5
PRODUCT_185,耐克运动鞋 966型,1-3-5
PRODUCT_186,优衣库T恤 449型,4-4-9
PRODUCT_187,阿迪达斯跑鞋 753型,1-4-1
PRODUCT_188,苹果iPhone 14 Pro Max 94型,5-4-5
PRODUCT_189,苹果iPhone 14 Pro Max 784型,3-4-10
PRODUCT_190,vivo X90 482型,4-4-1
PRODUCT_191,vivo X90 600型,8-3-5
PRODUCT_192,优衣库T恤 357型,6-3-2
PRODUCT_193,三星Galaxy S23 879型,6-2-6
PRODUCT_194,优衣库T恤 296型,2-2-7
PRODUCT_195,李宁篮球鞋 91型,6-4-1
PRODUCT_196,三星Galaxy S23 994型,5-2-6
PRODUCT_197,H&M牛仔裤 474型,6-4-1
PRODUCT_198,ZARA连衣裙 371型,6-0-4
PRODUCT_199,华为Mate 60 209型,9-3-8
PRODUCT_200,索尼 PlayStation 5 449型,4-4-3
PRODUCT_201,戴尔XPS 13 727型,7-0-1
PRODUCT_202,苹果iPhone 14 Pro Max 566型,2-2-9
PRODUCT_203,三星Galaxy S23 473型,6-0-4
PRODUCT_204,索尼 PlayStation 5 522型,1-1-8
PRODUCT_205,优衣库T恤 250型,4-3-8
PRODUCT_206,耐克运动鞋 196型,7-4-3
PRODUCT_207,小米13 Ultra 283型,9-4-3
PRODUCT_208,华硕ROG游戏本 841型,6-2-9
PRODUCT_209,优衣库T恤 887型,0-2-5
PRODUCT_210,优衣库T恤 354型,2-3-9
PRODUCT_211,耐克运动鞋 467型,5-4-9
PRODUCT_212,耐克运动鞋 240型,5-1-4
PRODUCT_213,优衣库T恤 723型,6-0-6
PRODUCT_214,优衣库T恤 988型,6-3-3
PRODUCT_215,任天堂Switch 891型,0-1-9
PRODUCT_216,ZARA连衣裙 933型,1-3-2
PRODUCT_217,阿迪达斯跑鞋 892型,7-0-3
PRODUCT_218,华硕ROG游戏本 347型,2-0-8
PRODUCT_219,任天堂Switch 873型,9-3-2
PRODUCT_220,优衣库T恤 894型,8-3-6
PRODUCT_221,小米13 Ultra 241型,8-0-10
PRODUCT_222,阿迪达斯跑鞋 101型,4-1-2
PRODUCT_223,索尼 PlayStation 5 926型,1-3-3
PRODUCT_224,华为Mate 60 301型,0-0-6
PRODUCT_225,OPPO Find X6 251型,5-2-7
PRODUCT_226,vivo X90 175型,8-3-10
PRODUCT_227,耐克运动鞋 635型,2-0-10
PRODUCT_228,OPPO Find X6 238型,3-3-10
PRODUCT_229,华硕ROG游戏本 683型,7-2-8
PRODUCT_230,H&M牛仔裤 162型,0-3-5
PRODUCT_231,索尼 PlayStation 5 655型,1-3-6
PRODUCT_232,索尼 PlayStation 5 204型,6-2-8
PRODUCT_233,戴尔XPS 13 391型,6-3-2
PRODUCT_234,索尼 PlayStation 5 717型,9-2-10
PRODUCT_235,华硕ROG游戏本 9型,4-0-7
PRODUCT_236,优衣库T恤 853型,9-0-10
PRODUCT_237,Xbox Series X 225型,4-1-10
PRODUCT_238,OPPO Find X6 644型,3-4-5
PRODUCT_239,李宁篮球鞋 35型,1-0-5
PRODUCT_240,小米13 Ultra 932型,9-2-3
PRODUCT_241,vivo X90 206型,4-2-7
PRODUCT_242,ZARA连衣裙 514型,2-4-6
PRODUCT_243,优衣库T恤 991型,4-1-5
PRODUCT_244,李宁篮球鞋 987型,4-2-2
PRODUCT_245,耐克运动鞋 991型,1-1-4
PRODUCT_246,耐克运动鞋 15型,8-2-2
PRODUCT_247,李宁篮球鞋 378型,4-4-2
PRODUCT_248,Xbox Series X 111型,4-4-7
PRODUCT_249,H&M牛仔裤 336型,3-3-1
PRODUCT_250,李宁篮球鞋 932型,9-1-2
PRODUCT_251,OPPO Find X6 47型,4-3-2
PRODUCT_252,三星Galaxy S23 100型,0-2-8
PRODUCT_253,耐克运动鞋 465型,3-4-3
PRODUCT_254,OPPO Find X6 907型,5-4-7
PRODUCT_255,阿迪达斯跑鞋 962型,6-0-8
PRODUCT_256,联想小新笔记本电脑 455型,4-0-6
PRODUCT_257,三星Galaxy S23 703型,7-1-6
PRODUCT_258,华为Mate 60 408型,5-4-6
PRODUCT_259,李宁篮球鞋 94型,4-1-2
PRODUCT_260,华为Mate 60 806型,3-4-1
PRODUCT_261,联想小新笔记本电脑 71型,5-1-3
PRODUCT_262,联想小新笔记本电脑 833型,8-1-10
PRODUCT_263,苹果iPhone 14 Pro Max 284型,3-2-3
PRODUCT_264,华硕ROG游戏本 818型,2-1-9
PRODUCT_265,OPPO Find X6 16型,2-0-1
PRODUCT_266,任天堂Switch 17型,5-1-10
PRODUCT_267,OPPO Find X6 760型,2-2-1
PRODUCT_268,小米13 Ultra 488型,6-4-2
PRODUCT_269,三星Galaxy S23 463型,7-2-9
PRODUCT_270,华为Mate 60 745型,8-1-10
PRODUCT_271,苹果iPhone 14 Pro Max 63型,8-2-8
PRODUCT_272,三星Galaxy S23 503型,7-3-7
PRODUCT_273,任天堂Switch 623型,7-0-2
PRODUCT_274,华硕ROG游戏本 640型,2-0-3
PRODUCT_275,耐克运动鞋 612型,9-4-6
PRODUCT_276,ZARA连衣裙 620型,8-2-8
PRODUCT_277,H&M牛仔裤 739型,6-0-2
PRODUCT_278,戴尔XPS 13 424型,3-3-8
PRODUCT_279,阿迪达斯跑鞋 748型,5-3-7
PRODUCT_280,任天堂Switch 682型,1-2-7
PRODUCT_281,优衣库T恤 69型,4-2-3
PRODUCT_282,阿迪达斯跑鞋 99型,1-0-2
PRODUCT_283,华为Mate 60 601型,5-1-9
PRODUCT_284,三星Galaxy S23 421型,8-4-6
PRODUCT_285,索尼 PlayStation 5 615型,5-3-1
PRODUCT_286,ZARA连衣裙 218型,4-2-2
PRODUCT_287,三星Galaxy S23 359型,2-3-4
PRODUCT_288,华硕ROG游戏本 588型,8-2-2
PRODUCT_289,H&M牛仔裤 27型,3-3-9
PRODUCT_290,vivo X90 280型,9-2-1
PRODUCT_291,苹果iPhone 14 Pro Max 186型,4-2-6
PRODUCT_292,小米13 Ultra 146型,2-4-7
PRODUCT_293,联想小新笔记本电脑 386型,0-0-9
PRODUCT_294,vivo X90 379型,6-3-6
PRODUCT_295,小米13 Ultra 905型,4-2-10
PRODUCT_296,华为Mate 60 691型,0-1-3
PRODUCT_297,阿迪达斯跑鞋 498型,1-2-8
PRODUCT_298,华硕ROG游戏本 221型,9-3-7
PRODUCT_299,阿迪达斯跑鞋 114型,8-0-6
PRODUCT_300,ZARA连衣裙 684型,4-4-8
PRODUCT_301,耐克运动鞋 614型,4-0-4
PRODUCT_302,索尼 PlayStation 5 969型,0-0-4
PRODUCT_303,索尼 PlayStation 5 336型,3-1-5
PRODUCT_304,阿迪达斯跑鞋 180型,1-0-8
PRODUCT_305,戴尔XPS 13 513型,2-3-9
PRODUCT_306,耐克运动鞋 883型,8-2-2
PRODUCT_307,李宁篮球鞋 944型,0-3-1
PRODUCT_308,阿迪达斯跑鞋 588型,1-2-10
PRODUCT_309,三星Galaxy S23 415型,6-3-5
PRODUCT_310,李宁篮球鞋 852型,0-2-3
PRODUCT_311,三星Galaxy S23 250型,5-0-7
PRODUCT_312,ZARA连衣裙 81型,6-4-7
PRODUCT_313,戴尔XPS 13 342型,6-2-6
PRODUCT_314,三星Galaxy S23 544型,2-0-9
PRODUCT_315,Xbox Series X 745型,8-1-6
PRODUCT_316,OPPO Find X6 263型,2-1-2
PRODUCT_317,OPPO Find X6 779型,3-1-10
PRODUCT_318,李宁篮球鞋 773型,1-1-8
PRODUCT_319,任天堂Switch 885型,9-4-8
PRODUCT_320,小米13 Ultra 481型,5-1-8
PRODUCT_321,华为Mate 60 361型,7-2-5
PRODUCT_322,李宁篮球鞋 463型,8-0-5
PRODUCT_323,索尼 PlayStation 5 79型,0-0-6
PRODUCT_324,ZARA连衣裙 394型,1-4-10
PRODUCT_325,华为Mate 60 461型,7-4-9
PRODUCT_326,优衣库T恤 514型,9-1-6
PRODUCT_327,三星Galaxy S23 831型,2-0-8
PRODUCT_328,vivo X90 41型,5-0-9
PRODUCT_329,ZARA连衣裙 536型,3-3-8
PRODUCT_330,Xbox Series X 940型,9-1-6
PRODUCT_331,任天堂Switch 696型,4-3-7
PRODUCT_332,小米13 Ultra 338型,9-0-6
PRODUCT_333,索尼 PlayStation 5 259型,1-4-7
PRODUCT_334,小米13 Ultra 597型,9-1-6
PRODUCT_335,耐克运动鞋 133型,2-2-5
PRODUCT_336,H&M牛仔裤 386型,9-0-5
PRODUCT_337,小米13 Ultra 662型,5-1-9
PRODUCT_338,苹果iPhone 14 Pro Max 372型,6-4-6
PRODUCT_339,任天堂Switch 971型,4-1-4
PRODUCT_340,OPPO Find X6 159型,7-1-4
PRODUCT_341,ZARA连衣裙 790型,1-2-2
PRODUCT_342,任天堂Switch 898型,8-4-1
PRODUCT_343,耐克运动鞋 158型,9-1-10
PRODUCT_344,vivo X90 739型,2-1-10
PRODUCT_345,Xbox Series X 693型,7-0-7
PRODUCT_346,索尼 PlayStation 5 771型,3-3-10
PRODUCT_347,戴尔XPS 13 317型,7-1-9
PRODUCT_348,李宁篮球鞋 473型,7-1-6
PRODUCT_349,ZARA连衣裙 429型,4-3-9
PRODUCT_350,OPPO Find X6 894型,2-1-10
PRODUCT_351,Xbox Series X 568型,4-0-8
PRODUCT_352,索尼 PlayStation 5 86型,1-4-2
PRODUCT_353,ZARA连衣裙 151型,2-2-8
PRODUCT_354,李宁篮球鞋 906型,6-0-4
PRODUCT_355,华为Mate 60 406型,5-0-7
PRODUCT_356,耐克运动鞋 84型,8-2-4
PRODUCT_357,任天堂Switch 954型,5-1-1
PRODUCT_358,OPPO Find X6 40型,1-2-3
PRODUCT_359,优衣库T恤 460型,4-3-3
PRODUCT_360,苹果iPhone 14 Pro Max 263型,9-0-2
PRODUCT_361,ZARA连衣裙 434型,3-1-9
PRODUCT_362,索尼 PlayStation 5 125型,1-2-4
PRODUCT_363,李宁篮球鞋 65型,0-1-7
PRODUCT_364,H&M牛仔裤 17型,1-3-10
PRODUCT_365,OPPO Find X6 299型,8-4-4
PRODUCT_366,Xbox Series X 247型,6-0-10
PRODUCT_367,小米13 Ultra 537型,9-3-3
PRODUCT_368,H&M牛仔裤 520型,5-0-9
PRODUCT_369,耐克运动鞋 895型,8-4-1
PRODUCT_370,Xbox Series X 260型,7-0-7
PRODUCT_371,Xbox Series X 247型,0-2-2
PRODUCT_372,OPPO Find X6 46型,1-4-6
PRODUCT_373,vivo X90 851型,5-4-6
PRODUCT_374,OPPO Find X6 65型,7-3-3
PRODUCT_375,联想小新笔记本电脑 45型,7-0-5
PRODUCT_376,索尼 PlayStation 5 528型,3-0-6
PRODUCT_377,华硕ROG游戏本 38型,6-4-8
PRODUCT_378,华为Mate 60 887型,3-2-6
PRODUCT_379,Xbox Series X 448型,5-2-2
PRODUCT_380,任天堂Switch 998型,6-3-7
PRODUCT_381,Xbox Series X 947型,2-3-8
PRODUCT_382,阿迪达斯跑鞋 81型,8-2-2
PRODUCT_383,H&M牛仔裤 301型,6-4-3
PRODUCT_384,任天堂Switch 677型,5-0-2
PRODUCT_385,阿迪达斯跑鞋 171型,4-2-8
PRODUCT_386,华为Mate 60 745型,7-2-8
PRODUCT_387,华硕ROG游戏本 655型,5-4-7
PRODUCT_388,Xbox Series X 526型,0-0-7
PRODUCT_389,李宁篮球鞋 36型,2-0-3
PRODUCT_390,Xbox Series X 371型,2-0-4
PRODUCT_391,OPPO Find X6 696型,6-4-1
PRODUCT_392,李宁篮球鞋 782型,7-2-6
PRODUCT_393,ZARA连衣裙 376型,1-4-3
PRODUCT_394,戴尔XPS 13 984型,6-2-5
PRODUCT_395,优衣库T恤 531型,1-0-3
PRODUCT_396,华硕ROG游戏本 794型,6-4-2
PRODUCT_397,索尼 PlayStation 5 711型,4-3-4
PRODUCT_398,OPPO Find X6 874型,7-1-2
PRODUCT_399,李宁篮球鞋 90型,1-3-3
PRODUCT_400,H&M牛仔裤 556型,5-2-2
PRODUCT_401,vivo X90 813型,4-2-3
PRODUCT_402,三星Galaxy S23 206型,5-4-4
PRODUCT_403,苹果iPhone 14 Pro Max 370型,2-1-8
PRODUCT_404,李宁篮球鞋 823型,8-4-6
PRODUCT_405,小米13 Ultra 68型,8-1-10
PRODUCT_406,ZARA连衣裙 421型,4-3-8
PRODUCT_407,OPPO Find X6 996型,6-4-2
PRODUCT_408,李宁篮球鞋 697型,5-0-8
PRODUCT_409,H&M牛仔裤 656型,8-2-3
PRODUCT_410,阿迪达斯跑鞋 515型,9-1-3
PRODUCT_411,OPPO Find X6 312型,0-0-9
PRODUCT_412,戴尔XPS 13 355型,2-1-6
PRODUCT_413,华硕ROG游戏本 202型,8-2-2
PRODUCT_414,索尼 PlayStation 5 630型,8-2-3
PRODUCT_415,vivo X90 607型,8-0-9
PRODUCT_416,任天堂Switch 863型,9-1-3
PRODUCT_417,小米13 Ultra 47型,9-0-1
PRODUCT_418,阿迪达斯跑鞋 633型,9-2-4
PRODUCT_419,索尼 PlayStation 5 658型,0-3-9
PRODUCT_420,耐克运动鞋 305型,4-3-4
PRODUCT_421,vivo X90 451型,7-0-1
PRODUCT_422,联想小新笔记本电脑 349型,6-3-8
PRODUCT_423,任天堂Switch 752型,9-1-6
PRODUCT_424,Xbox Series X 528型,5-3-3
PRODUCT_425,戴尔XPS 13 478型,8-0-6
PRODUCT_426,戴尔XPS 13 145型,1-2-8
PRODUCT_427,耐克运动鞋 885型,1-0-5
PRODUCT_428,vivo X90 834型,9-3-4
PRODUCT_429,联想小新笔记本电脑 782型,5-4-6
PRODUCT_430,李宁篮球鞋 511型,2-3-9
PRODUCT_431,小米13 Ultra 968型,4-3-1
PRODUCT_432,戴尔XPS 13 221型,6-4-8
PRODUCT_433,华为Mate 60 289型,9-2-1
PRODUCT_434,索尼 PlayStation 5 550型,7-4-8
PRODUCT_435,OPPO Find X6 904型,0-0-7
PRODUCT_436,Xbox Series X 47型,4-2-7
PRODUCT_437,H&M牛仔裤 200型,6-0-10
PRODUCT_438,小米13 Ultra 396型,5-4-5
PRODUCT_439,华硕ROG游戏本 846型,8-3-9
PRODUCT_440,OPPO Find X6 999型,9-4-2
PRODUCT_441,任天堂Switch 572型,1-3-6
PRODUCT_442,ZARA连衣裙 412型,5-1-4
PRODUCT_443,华为Mate 60 141型,8-0-1
PRODUCT_444,李宁篮球鞋 153型,5-3-9
PRODUCT_445,任天堂Switch 954型,9-4-3
PRODUCT_446,耐克运动鞋 632型,9-2-3
PRODUCT_447,ZARA连衣裙 849型,4-4-6
PRODUCT_448,索尼 PlayStation 5 487型,8-4-8
PRODUCT_449,三星Galaxy S23 427型,0-2-6
PRODUCT_450,优衣库T恤 272型,9-2-1
PRODUCT_451,华为Mate 60 598型,9-4-4
PRODUCT_452,耐克运动鞋 152型,7-1-9
PRODUCT_453,三星Galaxy S23 196型,3-0-10
PRODUCT_454,阿迪达斯跑鞋 156型,0-3-6
PRODUCT_455,ZARA连衣裙 794型,6-1-7
PRODUCT_456,OPPO Find X6 532型,9-3-1
PRODUCT_457,优衣库T恤 539型,3-4-6
PRODUCT_458,李宁篮球鞋 935型,6-2-3
PRODUCT_459,Xbox Series X 693型,8-2-9
PRODUCT_460,联想小新笔记本电脑 981型,4-4-8
PRODUCT_461,索尼 PlayStation 5 231型,3-2-9
PRODUCT_462,优衣库T恤 325型,4-2-4
PRODUCT_463,华硕ROG游戏本 295型,7-2-9
PRODUCT_464,耐克运动鞋 918型,1-4-9
PRODUCT_465,索尼 PlayStation 5 44型,6-2-3
PRODUCT_466,李宁篮球鞋 672型,4-0-6
PRODUCT_467,联想小新笔记本电脑 848型,4-3-4
PRODUCT_468,华硕ROG游戏本 141型,8-2-9
PRODUCT_469,戴尔XPS 13 249型,1-4-10
PRODUCT_470,戴尔XPS 13 54型,0-4-4
PRODUCT_471,优衣库T恤 103型,1-3-6
PRODUCT_472,vivo X90 417型,2-0-9
PRODUCT_473,索尼 PlayStation 5 329型,7-3-4
PRODUCT_474,戴尔XPS 13 548型,4-0-2
PRODUCT_475,vivo X90 957型,0-1-7
PRODUCT_476,vivo X90 960型,0-3-8
PRODUCT_477,索尼 PlayStation 5 582型,4-0-1
PRODUCT_478,索尼 PlayStation 5 466型,9-0-6
PRODUCT_479,OPPO Find X6 872型,8-4-8
PRODUCT_480,联想小新笔记本电脑 829型,8-3-5
PRODUCT_481,李宁篮球鞋 664型,1-2-3
PRODUCT_482,任天堂Switch 810型,4-1-1
PRODUCT_483,vivo X90 626型,4-4-4
PRODUCT_484,任天堂Switch 89型,6-3-9
PRODUCT_485,OPPO Find X6 489型,6-0-3
PRODUCT_486,华硕ROG游戏本 393型,5-1-1
PRODUCT_487,任天堂Switch 310型,3-3-5
PRODUCT_488,华硕ROG游戏本 670型,9-4-1
PRODUCT_489,三星Galaxy S23 477型,5-1-1
PRODUCT_490,ZARA连衣裙 946型,4-1-7
PRODUCT_491,Xbox Series X 630型,4-0-5
PRODUCT_492,优衣库T恤 157型,3-1-3
PRODUCT_493,阿迪达斯跑鞋 719型,7-4-6
PRODUCT_494,联想小新笔记本电脑 781型,8-3-9
PRODUCT_495,ZARA连衣裙 458型,3-4-2
PRODUCT_496,三星Galaxy S23 64型,8-2-2
PRODUCT_497,H&M牛仔裤 154型,8-4-4
PRODUCT_498,李宁篮球鞋 120型,2-2-9
PRODUCT_499,小米13 Ultra 921型,3-4-8
PRODUCT_500,李宁篮球鞋 136型,8-3-1
PRODUCT_501,华为Mate 60 573型,8-3-8
PRODUCT_502,耐克运动鞋 261型,7-2-1
PRODUCT_503,小米13 Ultra 47型,0-1-10
PRODUCT_504,H&M牛仔裤 62型,6-2-2
PRODUCT_505,索尼 PlayStation 5 419型,1-3-1
PRODUCT_506,Xbox Series X 913型,2-1-7
PRODUCT_507,耐克运动鞋 83型,6-3-7
PRODUCT_508,三星Galaxy S23 183型,8-1-6
PRODUCT_509,OPPO Find X6 746型,8-3-9
PRODUCT_510,索尼 PlayStation 5 475型,3-0-1
PRODUCT_511,耐克运动鞋 844型,8-3-9
PRODUCT_512,Xbox Series X 159型,3-1-8
PRODUCT_513,华为Mate 60 829型,4-1-2
PRODUCT_514,戴尔XPS 13 212型,6-4-1
PRODUCT_515,华为Mate 60 458型,1-0-10
PRODUCT_516,华为Mate 60 412型,9-0-4
PRODUCT_517,联想小新笔记本电脑 773型,7-1-9
PRODUCT_518,索尼 PlayStation 5 240型,0-1-9
PRODUCT_519,任天堂Switch 243型,9-2-10
PRODUCT_520,戴尔XPS 13 424型,4-1-9
PRODUCT_521,H&M牛仔裤 972型,4-2-1
PRODUCT_522,H&M牛仔裤 508型,9-1-7
PRODUCT_523,ZARA连衣裙 327型,0-2-7
PRODUCT_524,索尼 PlayStation 5 386型,6-3-3
PRODUCT_525,戴尔XPS 13 870型,2-4-8
PRODUCT_526,李宁篮球鞋 937型,3-2-3
PRODUCT_527,阿迪达斯跑鞋 571型,0-4-7
PRODUCT_528,戴尔XPS 13 262型,8-1-7
PRODUCT_529,李宁篮球鞋 868型,3-2-2
PRODUCT_530,联想小新笔记本电脑 53型,5-0-9
PRODUCT_531,华为Mate 60 895型,4-3-10
PRODUCT_532,H&M牛仔裤 223型,1-1-10
PRODUCT_533,索尼 PlayStation 5 980型,7-1-6
PRODUCT_534,三星Galaxy S23 765型,0-1-4
PRODUCT_535,联想小新笔记本电脑 407型,7-1-10
PRODUCT_536,索尼 PlayStation 5 390型,3-4-6
PRODUCT_537,索尼 PlayStation 5 268型,7-4-6
PRODUCT_538,李宁篮球鞋 101型,5-4-8
PRODUCT_539,Xbox Series X 321型,7-2-4
PRODUCT_540,戴尔XPS 13 760型,6-0-10
PRODUCT_541,H&M牛仔裤 958型,2-0-5
PRODUCT_542,索尼 PlayStation 5 157型,9-4-7
PRODUCT_543,耐克运动鞋 584型,3-2-4
PRODUCT_544,任天堂Switch 264型,3-3-9
PRODUCT_545,vivo X90 751型,7-3-8
PRODUCT_546,H&M牛仔裤 501型,5-1-3
PRODUCT_547,ZARA连衣裙 35型,2-4-1
PRODUCT_548,阿迪达斯跑鞋 141型,1-0-1
PRODUCT_549,苹果iPhone 14 Pro Max 224型,3-0-3
PRODUCT_550,华为Mate 60 633型,8-3-6
PRODUCT_551,苹果iPhone 14 Pro Max 7型,9-3-8
PRODUCT_552,苹果iPhone 14 Pro Max 18型,8-4-7
PRODUCT_553,索尼 PlayStation 5 18型,8-2-9
PRODUCT_554,三星Galaxy S23 941型,8-3-3
PRODUCT_555,戴尔XPS 13 197型,1-4-3
PRODUCT_556,Xbox Series X 274型,9-4-5
PRODUCT_557,耐克运动鞋 471型,6-0-6
PRODUCT_558,索尼 PlayStation 5 701型,9-1-4
PRODUCT_559,耐克运动鞋 389型,1-0-2
PRODUCT_560,华为Mate 60 653型,6-4-8
PRODUCT_561,优衣库T恤 866型,0-1-2
PRODUCT_562,三星Galaxy S23 917型,6-2-10
PRODUCT_563,联想小新笔记本电脑 923型,8-0-4
PRODUCT_564,华为Mate 60 947型,9-3-5
PRODUCT_565,华为Mate 60 184型,1-2-9
PRODUCT_566,OPPO Find X6 771型,5-0-4
PRODUCT_567,vivo X90 578型,6-0-5
PRODUCT_568,H&M牛仔裤 340型,3-4-7
PRODUCT_569,ZARA连衣裙 764型,6-1-2
PRODUCT_570,阿迪达斯跑鞋 238型,5-0-2
PRODUCT_571,耐克运动鞋 993型,1-2-10
PRODUCT_572,李宁篮球鞋 503型,5-0-5
PRODUCT_573,耐克运动鞋 443型,3-2-9
PRODUCT_574,小米13 Ultra 791型,2-4-7
PRODUCT_575,小米13 Ultra 85型,9-2-4
PRODUCT_576,OPPO Find X6 758型,4-1-7
PRODUCT_577,三星Galaxy S23 94型,6-2-6
PRODUCT_578,Xbox Series X 780型,0-2-8
PRODUCT_579,小米13 Ultra 192型,4-0-3
PRODUCT_580,H&M牛仔裤 525型,6-3-9
PRODUCT_581,小米13 Ultra 363型,6-0-1
PRODUCT_582,任天堂Switch 885型,8-0-10
PRODUCT_583,阿迪达斯跑鞋 398型,6-0-5
PRODUCT_584,ZARA连衣裙 174型,1-4-4
PRODUCT_585,华硕ROG游戏本 309型,6-1-3
PRODUCT_586,小米13 Ultra 172型,4-3-3
PRODUCT_587,索尼 PlayStation 5 496型,6-2-7
PRODUCT_588,戴尔XPS 13 739型,1-2-5
PRODUCT_589,联想小新笔记本电脑 469型,7-4-10
PRODUCT_590,苹果iPhone 14 Pro Max 972型,1-1-5
PRODUCT_591,耐克运动鞋 824型,6-2-10
PRODUCT_592,阿迪达斯跑鞋 836型,5-3-6
PRODUCT_593,任天堂Switch 618型,9-1-5
PRODUCT_594,vivo X90 988型,3-3-6
PRODUCT_595,优衣库T恤 991型,6-2-5
PRODUCT_596,耐克运动鞋 288型,9-1-6
PRODUCT_597,联想小新笔记本电脑 607型,6-2-2
PRODUCT_598,苹果iPhone 14 Pro Max 976型,8-1-9
PRODUCT_599,索尼 PlayStation 5 852型,7-1-8
PRODUCT_600,OPPO Find X6 649型,1-3-8
PRODUCT_601,OPPO Find X6 733型,4-1-5
PRODUCT_602,李宁篮球鞋 613型,6-3-2
PRODUCT_603,H&M牛仔裤 519型,7-4-7
PRODUCT_604,Xbox Series X 719型,6-4-1
PRODUCT_605,三星Galaxy S23 788型,8-4-2
PRODUCT_606,华为Mate 60 577型,3-2-3
PRODUCT_607,三星Galaxy S23 11型,6-2-7
PRODUCT_608,ZARA连衣裙 765型,1-2-4
PRODUCT_609,戴尔XPS 13 457型,8-4-10
PRODUCT_610,ZARA连衣裙 155型,5-3-8
PRODUCT_611,三星Galaxy S23 303型,5-0-8
PRODUCT_612,OPPO Find X6 357型,6-0-2
PRODUCT_613,联想小新笔记本电脑 534型,4-2-8
PRODUCT_614,三星Galaxy S23 449型,7-2-8
PRODUCT_615,索尼 PlayStation 5 46型,7-2-2
PRODUCT_616,三星Galaxy S23 694型,1-0-6
PRODUCT_617,vivo X90 566型,2-1-9
PRODUCT_618,阿迪达斯跑鞋 982型,2-2-9
PRODUCT_619,vivo X90 191型,7-1-7
PRODUCT_620,联想小新笔记本电脑 461型,6-3-1
PRODUCT_621,苹果iPhone 14 Pro Max 722型,9-3-7
PRODUCT_622,小米13 Ultra 592型,3-1-5
PRODUCT_623,Xbox Series X 334型,1-4-3
PRODUCT_624,华硕ROG游戏本 687型,3-3-2
PRODUCT_625,耐克运动鞋 626型,7-4-6
PRODUCT_626,Xbox Series X 361型,6-4-2
PRODUCT_627,索尼 PlayStation 5 941型,7-4-3
PRODUCT_628,OPPO Find X6 321型,9-4-2
PRODUCT_629,三星Galaxy S23 188型,1-1-5
PRODUCT_630,耐克运动鞋 429型,5-1-9
PRODUCT_631,耐克运动鞋 434型,9-1-10
PRODUCT_632,vivo X90 569型,2-3-9
PRODUCT_633,OPPO Find X6 192型,2-3-5
PRODUCT_634,华为Mate 60 887型,5-3-10
PRODUCT_635,OPPO Find X6 200型,5-0-8
PRODUCT_636,优衣库T恤 419型,6-4-9
PRODUCT_637,优衣库T恤 172型,7-3-8
PRODUCT_638,戴尔XPS 13 300型,1-4-1
PRODUCT_639,H&M牛仔裤 296型,0-2-4
PRODUCT_640,优衣库T恤 563型,2-3-10
PRODUCT_641,三星Galaxy S23 275型,8-0-10
PRODUCT_642,华为Mate 60 779型,8-2-9
PRODUCT_643,阿迪达斯跑鞋 105型,7-4-4
PRODUCT_644,李宁篮球鞋 270型,3-2-1
PRODUCT_645,三星Galaxy S23 795型,5-0-8
PRODUCT_646,Xbox Series X 882型,3-1-10
PRODUCT_647,OPPO Find X6 804型,9-3-3
PRODUCT_648,Xbox Series X 546型,3-1-1
PRODUCT_649,vivo X90 332型,4-4-9
PRODUCT_650,华硕ROG游戏本 976型,4-2-10
PRODUCT_651,阿迪达斯跑鞋 941型,8-0-3
PRODUCT_652,OPPO Find X6 256型,0-2-3
PRODUCT_653,耐克运动鞋 502型,2-2-4
PRODUCT_654,阿迪达斯跑鞋 385型,2-4-5
PRODUCT_655,耐克运动鞋 528型,7-0-2
PRODUCT_656,优衣库T恤 336型,4-2-8
PRODUCT_657,李宁篮球鞋 651型,9-0-2
PRODUCT_658,耐克运动鞋 224型,5-0-9
PRODUCT_659,华硕ROG游戏本 331型,6-1-8
PRODUCT_660,OPPO Find X6 580型,4-2-9
PRODUCT_661,华为Mate 60 102型,7-2-1
PRODUCT_662,vivo X90 452型,7-0-2
PRODUCT_663,联想小新笔记本电脑 706型,7-0-7
PRODUCT_664,华硕ROG游戏本 96型,2-2-3
PRODUCT_665,Xbox Series X 681型,5-2-2
PRODUCT_666,索尼 PlayStation 5 744型,2-0-7
PRODUCT_667,三星Galaxy S23 2型,3-3-2
PRODUCT_668,OPPO Find X6 608型,3-3-2
PRODUCT_669,苹果iPhone 14 Pro Max 9型,3-4-8
PRODUCT_670,OPPO Find X6 490型,5-0-7
PRODUCT_671,小米13 Ultra 749型,1-1-7
PRODUCT_672,Xbox Series X 903型,1-0-6
PRODUCT_673,OPPO Find X6 657型,4-1-7
PRODUCT_674,苹果iPhone 14 Pro Max 625型,2-0-9
PRODUCT_675,联想小新笔记本电脑 644型,2-3-6
PRODUCT_676,李宁篮球鞋 881型,2-3-10
PRODUCT_677,OPPO Find X6 771型,3-0-2
PRODUCT_678,Xbox Series X 987型,1-4-7
PRODUCT_679,戴尔XPS 13 284型,6-2-3
PRODUCT_680,索尼 PlayStation 5 798型,1-1-9
PRODUCT_681,ZARA连衣裙 622型,0-2-4
PRODUCT_682,索尼 PlayStation 5 662型,8-1-7
PRODUCT_683,耐克运动鞋 116型,0-1-8
PRODUCT_684,小米13 Ultra 541型,3-3-10
PRODUCT_685,OPPO Find X6 397型,0-2-6
PRODUCT_686,H&M牛仔裤 700型,9-3-6
PRODUCT_687,苹果iPhone 14 Pro Max 602型,2-3-2
PRODUCT_688,联想小新笔记本电脑 41型,1-0-5
PRODUCT_689,索尼 PlayStation 5 644型,0-3-9
PRODUCT_690,耐克运动鞋 85型,8-3-7
PRODUCT_691,OPPO Find X6 285型,8-4-10
PRODUCT_692,ZARA连衣裙 944型,1-2-2
PRODUCT_693,任天堂Switch 401型,3-1-9
PRODUCT_694,阿迪达斯跑鞋 748型,9-0-5
PRODUCT_695,小米13 Ultra 947型,3-0-4
PRODUCT_696,华为Mate 60 317型,6-0-8
PRODUCT_697,OPPO Find X6 719型,2-0-1
PRODUCT_698,Xbox Series X 536型,0-1-8
PRODUCT_699,Xbox Series X 130型,8-2-3
PRODUCT_700,任天堂Switch 827型,4-0-1
PRODUCT_701,小米13 Ultra 270型,6-2-9
PRODUCT_702,李宁篮球鞋 524型,9-0-8
PRODUCT_703,vivo X90 377型,5-0-8
PRODUCT_704,三星Galaxy S23 234型,2-2-2
PRODUCT_705,苹果iPhone 14 Pro Max 251型,8-0-1
PRODUCT_706,耐克运动鞋 943型,0-3-6
PRODUCT_707,H&M牛仔裤 823型,2-1-1
PRODUCT_708,戴尔XPS 13 427型,6-1-6
PRODUCT_709,Xbox Series X 123型,5-2-2
PRODUCT_710,戴尔XPS 13 824型,8-0-3
PRODUCT_711,小米13 Ultra 899型,8-0-7
PRODUCT_712,任天堂Switch 89型,7-2-5
PRODUCT_713,Xbox Series X 206型,8-3-1
PRODUCT_714,戴尔XPS 13 476型,4-4-5
PRODUCT_715,联想小新笔记本电脑 751型,5-4-8
PRODUCT_716,苹果iPhone 14 Pro Max 955型,8-1-3
PRODUCT_717,H&M牛仔裤 355型,6-0-4
PRODUCT_718,耐克运动鞋 870型,0-2-1
PRODUCT_719,ZARA连衣裙 244型,4-0-4
PRODUCT_720,OPPO Find X6 729型,6-3-1
PRODUCT_721,戴尔XPS 13 919型,4-0-1
PRODUCT_722,李宁篮球鞋 998型,8-3-6
PRODUCT_723,ZARA连衣裙 137型,1-4-2
PRODUCT_724,华为Mate 60 446型,6-0-10
PRODUCT_725,华硕ROG游戏本 872型,2-1-5
PRODUCT_726,任天堂Switch 464型,5-3-6
PRODUCT_727,联想小新笔记本电脑 140型,4-1-2
PRODUCT_728,三星Galaxy S23 169型,9-0-3
PRODUCT_729,阿迪达斯跑鞋 124型,7-3-6
PRODUCT_730,李宁篮球鞋 316型,8-2-4
PRODUCT_731,小米13 Ultra 162型,7-2-2
PRODUCT_732,联想小新笔记本电脑 856型,4-4-1
PRODUCT_733,戴尔XPS 13 992型,5-1-2
PRODUCT_734,华为Mate 60 694型,5-3-9
PRODUCT_735,苹果iPhone 14 Pro Max 975型,4-2-3
PRODUCT_736,H&M牛仔裤 256型,6-3-9
PRODUCT_737,OPPO Find X6 125型,1-3-2
PRODUCT_738,OPPO Find X6 203型,0-0-4
PRODUCT_739,华硕ROG游戏本 940型,6-2-2
PRODUCT_740,联想小新笔记本电脑 925型,1-0-2
PRODUCT_741,任天堂Switch 126型,7-1-2
PRODUCT_742,vivo X90 947型,0-3-1
PRODUCT_743,优衣库T恤 31型,9-3-7
PRODUCT_744,Xbox Series X 220型,6-3-3
PRODUCT_745,李宁篮球鞋 905型,2-2-5
PRODUCT_746,戴尔XPS 13 663型,2-0-10
PRODUCT_747,H&M牛仔裤 491型,4-3-7
PRODUCT_748,耐克运动鞋 141型,0-0-5
PRODUCT_749,戴尔XPS 13 646型,6-1-9
PRODUCT_750,Xbox Series X 492型,8-0-7
PRODUCT_751,ZARA连衣裙 330型,8-3-6
PRODUCT_752,苹果iPhone 14 Pro Max 327型,6-2-3
PRODUCT_753,华硕ROG游戏本 60型,9-1-1
PRODUCT_754,戴尔XPS 13 998型,7-4-6
PRODUCT_755,戴尔XPS 13 273型,2-0-4
PRODUCT_756,耐克运动鞋 364型,8-0-4
PRODUCT_757,任天堂Switch 826型,2-1-4
PRODUCT_758,Xbox Series X 971型,5-4-1
PRODUCT_759,联想小新笔记本电脑 857型,9-4-3
PRODUCT_760,vivo X90 503型,7-4-5
PRODUCT_761,戴尔XPS 13 617型,0-0-1
PRODUCT_762,优衣库T恤 1型,3-0-9
PRODUCT_763,OPPO Find X6 349型,5-4-4
PRODUCT_764,苹果iPhone 14 Pro Max 152型,2-2-1
PRODUCT_765,ZARA连衣裙 882型,9-1-2
PRODUCT_766,耐克运动鞋 601型,5-0-6
PRODUCT_767,任天堂Switch 140型,1-2-5
PRODUCT_768,任天堂Switch 179型,2-3-8
PRODUCT_769,戴尔XPS 13 682型,8-4-6
PRODUCT_770,索尼 PlayStation 5 752型,9-1-7
PRODUCT_771,苹果iPhone 14 Pro Max 972型,4-1-3
PRODUCT_772,华为Mate 60 187型,9-3-10
PRODUCT_773,戴尔XPS 13 655型,9-2-10
PRODUCT_774,OPPO Find X6 340型,9-0-8
PRODUCT_775,任天堂Switch 172型,1-1-6
PRODUCT_776,苹果iPhone 14 Pro Max 272型,1-2-8
PRODUCT_777,Xbox Series X 263型,3-1-2
PRODUCT_778,耐克运动鞋 449型,1-0-1
PRODUCT_779,优衣库T恤 903型,6-1-7
PRODUCT_780,耐克运动鞋 104型,6-2-9
PRODUCT_781,vivo X90 463型,7-4-4
PRODUCT_782,苹果iPhone 14 Pro Max 327型,1-0-5
PRODUCT_783,任天堂Switch 175型,4-0-2
PRODUCT_784,H&M牛仔裤 965型,6-1-2
PRODUCT_785,优衣库T恤 722型,1-2-10
PRODUCT_786,阿迪达斯跑鞋 161型,0-3-3
PRODUCT_787,联想小新笔记本电脑 998型,0-0-6
PRODUCT_788,H&M牛仔裤 272型,3-3-9
PRODUCT_789,三星Galaxy S23 51型,4-2-4
PRODUCT_790,优衣库T恤 158型,6-4-9
PRODUCT_791,阿迪达斯跑鞋 90型,0-2-1
PRODUCT_792,联想小新笔记本电脑 100型,4-4-8
PRODUCT_793,索尼 PlayStation 5 84型,0-1-3
PRODUCT_794,耐克运动鞋 483型,7-0-5
PRODUCT_795,H&M牛仔裤 397型,7-2-2
PRODUCT_796,Xbox Series X 192型,2-2-7
PRODUCT_797,李宁篮球鞋 477型,7-0-5
PRODUCT_798,华为Mate 60 155型,4-1-5
PRODUCT_799,H&M牛仔裤 424型,1-0-6
PRODUCT_800,华为Mate 60 861型,9-1-9
PRODUCT_801,H&M牛仔裤 704型,6-4-7
PRODUCT_802,优衣库T恤 307型,7-4-4
PRODUCT_803,ZARA连衣裙 585型,1-3-1
PRODUCT_804,OPPO Find X6 124型,8-4-10
PRODUCT_805,联想小新笔记本电脑 828型,7-1-3
PRODUCT_806,阿迪达斯跑鞋 81型,3-1-1
PRODUCT_807,华硕ROG游戏本 328型,6-1-3
PRODUCT_808,H&M牛仔裤 407型,1-0-7
PRODUCT_809,ZARA连衣裙 470型,8-2-5
PRODUCT_810,ZARA连衣裙 801型,0-4-10
PRODUCT_811,OPPO Find X6 152型,6-0-7
PRODUCT_812,三星Galaxy S23 948型,9-4-10
PRODUCT_813,索尼 PlayStation 5 889型,1-4-2
PRODUCT_814,华硕ROG游戏本 393型,8-2-7
PRODUCT_815,优衣库T恤 39型,7-4-10
PRODUCT_816,OPPO Find X6 634型,2-2-7
PRODUCT_817,耐克运动鞋 911型,9-3-1
PRODUCT_818,优衣库T恤 943型,5-1-1
PRODUCT_819,任天堂Switch 838型,4-2-1
PRODUCT_820,优衣库T恤 879型,4-2-5
PRODUCT_821,索尼 PlayStation 5 998型,1-1-3
PRODUCT_822,阿迪达斯跑鞋 620型,7-2-5
PRODUCT_823,联想小新笔记本电脑 936型,1-1-8
PRODUCT_824,Xbox Series X 841型,6-3-9
PRODUCT_825,小米13 Ultra 319型,0-4-3
PRODUCT_826,ZARA连衣裙 901型,8-3-3
PRODUCT_827,联想小新笔记本电脑 897型,9-0-3
PRODUCT_828,华为Mate 60 468型,3-0-4
PRODUCT_829,华硕ROG游戏本 378型,0-2-4
PRODUCT_830,三星Galaxy S23 698型,7-4-7
PRODUCT_831,优衣库T恤 609型,0-1-6
PRODUCT_832,H&M牛仔裤 359型,7-1-8
PRODUCT_833,小米13 Ultra 292型,5-1-5
PRODUCT_834,vivo X90 875型,0-3-1
PRODUCT_835,戴尔XPS 13 694型,9-1-4
PRODUCT_836,ZARA连衣裙 21型,3-2-7
PRODUCT_837,vivo X90 616型,0-3-3
PRODUCT_838,索尼 PlayStation 5 730型,0-1-5
PRODUCT_839,Xbox Series X 471型,4-3-7
PRODUCT_840,索尼 PlayStation 5 694型,4-1-8
PRODUCT_841,三星Galaxy S23 8型,8-4-7
PRODUCT_842,索尼 PlayStation 5 306型,8-2-9
PRODUCT_843,任天堂Switch 284型,1-3-2
PRODUCT_844,索尼 PlayStation 5 193型,5-2-5
PRODUCT_845,华为Mate 60 825型,2-4-4
PRODUCT_846,OPPO Find X6 739型,9-3-6
PRODUCT_847,华硕ROG游戏本 929型,0-3-5
PRODUCT_848,华为Mate 60 598型,6-3-7
PRODUCT_849,戴尔XPS 13 703型,9-1-6
PRODUCT_850,ZARA连衣裙 308型,8-3-6
PRODUCT_851,索尼 PlayStation 5 100型,2-4-3
PRODUCT_852,H&M牛仔裤 782型,7-1-5
PRODUCT_853,戴尔XPS 13 364型,2-2-2
PRODUCT_854,任天堂Switch 381型,3-2-7
PRODUCT_855,李宁篮球鞋 872型,4-4-5
PRODUCT_856,小米13 Ultra 484型,1-3-1
PRODUCT_857,耐克运动鞋 543型,3-4-2
PRODUCT_858,OPPO Find X6 141型,4-3-1
PRODUCT_859,李宁篮球鞋 147型,3-2-7
PRODUCT_860,优衣库T恤 341型,5-1-2
PRODUCT_861,苹果iPhone 14 Pro Max 463型,2-2-1
PRODUCT_862,vivo X90 502型,4-1-3
PRODUCT_863,阿迪达斯跑鞋 649型,1-1-10
PRODUCT_864,优衣库T恤 393型,6-3-7
PRODUCT_865,联想小新笔记本电脑 749型,0-0-9
PRODUCT_866,ZARA连衣裙 196型,5-0-6
PRODUCT_867,戴尔XPS 13 711型,0-0-4
PRODUCT_868,三星Galaxy S23 393型,5-2-3
PRODUCT_869,vivo X90 67型,8-4-5
PRODUCT_870,李宁篮球鞋 746型,0-2-5
PRODUCT_871,任天堂Switch 445型,8-4-9
PRODUCT_872,Xbox Series X 769型,2-2-8
PRODUCT_873,苹果iPhone 14 Pro Max 234型,3-1-7
PRODUCT_874,苹果iPhone 14 Pro Max 604型,3-1-4
PRODUCT_875,Xbox Series X 729型,8-1-2
PRODUCT_876,H&M牛仔裤 639型,0-3-5
PRODUCT_877,三星Galaxy S23 670型,0-4-1
PRODUCT_878,阿迪达斯跑鞋 455型,0-0-2
PRODUCT_879,华硕ROG游戏本 486型,6-0-9
PRODUCT_880,索尼 PlayStation 5 431型,2-1-1
PRODUCT_881,OPPO Find X6 429型,1-4-5
PRODUCT_882,三星Galaxy S23 290型,1-4-10
PRODUCT_883,联想小新笔记本电脑 624型,1-0-8
PRODUCT_884,联想小新笔记本电脑 367型,3-2-9
PRODUCT_885,华为Mate 60 562型,6-2-3
PRODUCT_886,任天堂Switch 241型,7-1-8
PRODUCT_887,三星Galaxy S23 856型,0-0-2
PRODUCT_888,小米13 Ultra 799型,9-3-3
PRODUCT_889,华硕ROG游戏本 660型,8-0-2
PRODUCT_890,华硕ROG游戏本 476型,3-3-5
PRODUCT_891,华为Mate 60 873型,0-0-3
PRODUCT_892,阿迪达斯跑鞋 757型,4-2-6
PRODUCT_893,苹果iPhone 14 Pro Max 873型,1-0-1
PRODUCT_894,Xbox Series X 916型,2-1-6
PRODUCT_895,小米13 Ultra 382型,7-4-5
PRODUCT_896,耐克运动鞋 410型,5-1-2
PRODUCT_897,优衣库T恤 820型,7-2-7
PRODUCT_898,OPPO Find X6 713型,6-1-2
PRODUCT_899,阿迪达斯跑鞋 934型,0-1-2
PRODUCT_900,李宁篮球鞋 186型,9-3-10
PRODUCT_901,苹果iPhone 14 Pro Max 884型,9-3-6
PRODUCT_902,三星Galaxy S23 909型,2-3-8
PRODUCT_903,小米13 Ultra 268型,6-3-1
PRODUCT_904,戴尔XPS 13 979型,5-0-9
PRODUCT_905,三星Galaxy S23 444型,5-4-9
PRODUCT_906,耐克运动鞋 153型,3-3-6
PRODUCT_907,苹果iPhone 14 Pro Max 659型,8-4-1
PRODUCT_908,优衣库T恤 891型,2-4-8
PRODUCT_909,任天堂Switch 247型,2-0-8
PRODUCT_910,ZARA连衣裙 229型,5-2-1
PRODUCT_911,戴尔XPS 13 81型,8-3-7
PRODUCT_912,李宁篮球鞋 91型,7-3-10
PRODUCT_913,三星Galaxy S23 510型,7-3-6
PRODUCT_914,阿迪达斯跑鞋 37型,0-0-7
PRODUCT_915,小米13 Ultra 811型,8-4-1
PRODUCT_916,ZARA连衣裙 576型,9-4-5
PRODUCT_917,Xbox Series X 846型,3-3-6
PRODUCT_918,任天堂Switch 574型,0-1-8
PRODUCT_919,Xbox Series X 734型,9-4-8
PRODUCT_920,戴尔XPS 13 3型,7-0-2
PRODUCT_921,H&M牛仔裤 535型,5-2-5
PRODUCT_922,vivo X90 505型,5-0-1
PRODUCT_923,华硕ROG游戏本 626型,2-3-2
PRODUCT_924,耐克运动鞋 221型,3-1-2
PRODUCT_925,三星Galaxy S23 776型,7-1-6
PRODUCT_926,三星Galaxy S23 791型,6-0-10
PRODUCT_927,ZARA连衣裙 138型,7-3-10
PRODUCT_928,华为Mate 60 567型,7-0-9
PRODUCT_929,ZARA连衣裙 800型,6-4-8
PRODUCT_930,OPPO Find X6 107型,2-4-3
PRODUCT_931,任天堂Switch 517型,6-4-10
PRODUCT_932,戴尔XPS 13 281型,6-3-10
PRODUCT_933,李宁篮球鞋 825型,6-2-5
PRODUCT_934,ZARA连衣裙 307型,2-1-7
PRODUCT_935,联想小新笔记本电脑 206型,8-2-9
PRODUCT_936,Xbox Series X 944型,3-4-5
PRODUCT_937,H&M牛仔裤 711型,2-1-9
PRODUCT_938,H&M牛仔裤 492型,5-0-6
PRODUCT_939,H&M牛仔裤 293型,9-4-7
PRODUCT_940,三星Galaxy S23 26型,6-0-9
PRODUCT_941,华为Mate 60 205型,6-1-1
PRODUCT_942,华硕ROG游戏本 150型,4-1-5
PRODUCT_943,H&M牛仔裤 34型,0-2-4
PRODUCT_944,H&M牛仔裤 886型,5-3-2
PRODUCT_945,戴尔XPS 13 524型,3-4-7
PRODUCT_946,耐克运动鞋 427型,4-0-7
PRODUCT_947,苹果iPhone 14 Pro Max 762型,5-4-1
PRODUCT_948,李宁篮球鞋 850型,4-1-10
PRODUCT_949,H&M牛仔裤 757型,3-2-10
PRODUCT_950,索尼 PlayStation 5 460型,9-1-4
PRODUCT_951,vivo X90 753型,2-0-3
PRODUCT_952,华为Mate 60 439型,8-0-7
PRODUCT_953,OPPO Find X6 165型,4-4-5
PRODUCT_954,任天堂Switch 478型,9-2-1
PRODUCT_955,任天堂Switch 612型,2-0-3
PRODUCT_956,优衣库T恤 809型,0-4-5
PRODUCT_957,小米13 Ultra 803型,9-4-6
PRODUCT_958,vivo X90 534型,5-4-4
PRODUCT_959,阿迪达斯跑鞋 557型,1-4-3
PRODUCT_960,Xbox Series X 227型,8-3-2
PRODUCT_961,Xbox Series X 301型,3-2-6
PRODUCT_962,优衣库T恤 575型,3-4-9
PRODUCT_963,李宁篮球鞋 247型,0-0-6
PRODUCT_964,华为Mate 60 699型,9-4-4
PRODUCT_965,耐克运动鞋 263型,5-3-2
PRODUCT_966,ZARA连衣裙 842型,8-2-1
PRODUCT_967,李宁篮球鞋 499型,5-4-9
PRODUCT_968,任天堂Switch 527型,0-2-4
PRODUCT_969,H&M牛仔裤 547型,1-0-3
PRODUCT_970,联想小新笔记本电脑 886型,0-0-4
PRODUCT_971,H&M牛仔裤 849型,6-0-4
PRODUCT_972,苹果iPhone 14 Pro Max 471型,6-0-3
PRODUCT_973,小米13 Ultra 56型,5-0-2
PRODUCT_974,小米13 Ultra 589型,2-2-9
PRODUCT_975,耐克运动鞋 462型,3-2-7
PRODUCT_976,苹果iPhone 14 Pro Max 399型,6-3-6
PRODUCT_977,小米13 Ultra 775型,1-4-1
PRODUCT_978,Xbox Series X 951型,9-0-2
PRODUCT_979,索尼 PlayStation 5 622型,8-0-5
PRODUCT_980,耐克运动鞋 405型,1-2-8
PRODUCT_981,H&M牛仔裤 226型,0-3-3
PRODUCT_982,索尼 PlayStation 5 984型,2-3-9
PRODUCT_983,苹果iPhone 14 Pro Max 567型,2-2-6
PRODUCT_984,华为Mate 60 6型,8-1-2
PRODUCT_985,H&M牛仔裤 561型,9-4-7
PRODUCT_986,Xbox Series X 217型,1-2-4
PRODUCT_987,vivo X90 189型,6-4-3
PRODUCT_988,联想小新笔记本电脑 118型,3-4-5
PRODUCT_989,H&M牛仔裤 473型,2-4-1
PRODUCT_990,小米13 Ultra 257型,8-0-5
PRODUCT_991,优衣库T恤 975型,1-1-10
PRODUCT_992,戴尔XPS 13 103型,5-2-3
PRODUCT_993,联想小新笔记本电脑 326型,4-4-2
PRODUCT_994,索尼 PlayStation 5 711型,7-3-6
PRODUCT_995,Xbox Series X 828型,9-1-10
PRODUCT_996,苹果iPhone 14 Pro Max 321型,5-3-3
PRODUCT_997,华硕ROG游戏本 861型,3-1-7
PRODUCT_998,优衣库T恤 474型,5-1-6
PRODUCT_999,优衣库T恤 565型,7-2-5
